Date,Open,High,Low,Close,Volume,S_3,S_9,predicted_gold_price,signal
2020-06-11,163.35000610351562,164.05999755859375,161.97000122070312,162.38999938964844,11673900,162.40666707356772,161.3433346218533,162.70029740678567,No Position
2020-06-12,163.41000366210938,163.8800048828125,162.55999755859375,162.6199951171875,6895400,162.86000061035156,161.22777811686197,163.20211587425453,Buy
2020-06-15,160.52000427246094,162.55999755859375,160.16000366210938,162.3300018310547,8532500,162.44666544596353,161.1977776421441,162.75582731847007,No Position
2020-06-16,161.85000610351562,162.69000244140625,161.36000061035156,162.25,7964000,162.3999989827474,161.49222140842014,162.6806793440792,No Position
2020-06-17,162.0,162.6199951171875,161.77000427246094,162.55999755859375,4758200,162.37999979654947,161.63444349500867,162.6471410015509,No Position
2020-06-18,162.1999969482422,162.32000732421875,161.44000244140625,162.24000549316406,5397600,162.3500010172526,162.1044447157118,162.57549467168369,No Position
2020-06-19,162.8699951171875,164.08999633789062,162.77999877929688,164.02999877929688,12187400,162.9433339436849,162.58333333333334,163.17989800666305,Buy
2020-06-22,165.05999755859375,165.72999572753906,164.41000366210938,165.08999633789062,12385600,163.7866668701172,163.00888909233942,164.0601752813854,Buy
2020-06-23,165.6300048828125,166.52000427246094,165.52000427246094,166.47999572753906,12137300,165.1999969482422,163.33222113715277,165.56783123468114,Buy
2020-06-24,166.00999450683594,166.99000549316406,165.4499969482422,165.89999389648438,10901400,165.82332865397134,163.7222205268012,166.21219609332226,Buy
2020-06-25,165.88999938964844,165.91000366210938,165.16000366210938,165.8000030517578,7093800,166.05999755859375,164.07555474175348,166.43978626588753,Buy
2020-06-26,164.8699951171875,166.55999755859375,164.22000122070312,166.5399932861328,9753500,166.07999674479166,164.5433315700955,166.42261065090776,No Position
2020-06-29,166.55999755859375,166.8000030517578,166.17999267578125,166.6300048828125,6735700,166.32333374023438,165.02999877929688,166.64635575924288,Buy
2020-06-30,166.30999755859375,167.99000549316406,166.19000244140625,167.3699951171875,12762300,166.84666442871094,165.56444295247397,167.170134708659,Buy
2020-07-01,167.0500030517578,167.05999755859375,165.33999633789062,166.6199951171875,13214800,166.87333170572916,166.05110846625433,167.1586286755771,No Position
2020-07-02,166.1999969482422,167.24000549316406,166.02000427246094,166.97999572753906,8753500,166.98999532063803,166.3788859049479,167.25804665573395,Buy
2020-07-06,167.75,168.0,167.19000244140625,167.97999572753906,7265700,167.19332885742188,166.6999969482422,167.45212158715816,Buy
2020-07-07,167.41000366210938,169.0399932861328,167.3800048828125,169.0399932861328,11633100,167.99999491373697,166.98444112141928,168.30431915066796,Buy
2020-07-08,170.32000732421875,170.86000061035156,169.77999877929688,170.08999633789062,11662700,169.03666178385416,167.4499969482422,169.39118514336582,Buy
2020-07-09,170.47999572753906,170.63999938964844,168.77999877929688,169.6300048828125,13327400,169.58666483561197,167.87555270724826,169.9529766154733,Buy
2020-07-10,169.9499969482422,170.14999389648438,168.57000732421875,169.19000244140625,8218000,169.63666788736978,168.1699981689453,169.98278837882867,Buy
2020-07-13,170.2899932861328,170.4199981689453,169.16000366210938,169.39999389648438,11095900,169.40666707356772,168.47777472601996,169.70747486759575,No Position
2020-07-14,168.97000122070312,170.1999969482422,168.80999755859375,170.19000244140625,9812700,169.59333292643228,168.7911088731554,169.884099250827,Buy
2020-07-15,169.6199951171875,170.42999267578125,169.38999938964844,170.33999633789062,7533800,169.9766642252604,169.2044423421224,170.26594135850047,Buy
2020-07-16,169.8000030517578,170.0,168.64999389648438,168.72999572753906,10242400,169.75333150227866,169.39888678656683,170.0072899732025,No Position
2020-07-17,169.94000244140625,170.27000427246094,169.61000061035156,170.1199951171875,10296000,169.72999572753906,169.63666449652777,169.96218461408404,No Position
2020-07-20,170.75999450683594,171.07000732421875,170.27000427246094,170.94000244140625,10095500,169.92999776204428,169.84777662489148,170.1617874000081,Buy
2020-07-21,172.52999877929688,173.25,172.30999755859375,173.0,12826100,171.35333251953125,170.17111036512586,171.68030589157806,Buy
2020-07-22,174.0500030517578,175.77000427246094,173.75999450683594,175.6300048828125,18712500,173.19000244140625,170.83777703179254,173.6190631735096,Buy
2020-07-23,176.1699981689453,178.41000366210938,175.64999389648438,177.17999267578125,23006800,175.2699991861979,171.72555372450086,175.80363235436187,Buy
2020-07-24,179.13999938964844,179.16000366210938,178.1999969482422,178.6999969482422,15601300,177.1699981689453,172.7588873969184,177.78066590632395,Buy
2020-07-27,181.85000610351562,182.8300018310547,181.52999877929688,182.22999572753906,21115600,179.3699951171875,174.09666442871094,180.05811446024106,Buy
2020-07-28,182.02000427246094,184.25999450683594,181.4199981689453,183.75,21164600,181.55999755859375,175.58666483561197,182.31205586590153,Buy
2020-07-29,184.00999450683594,186.13999938964844,182.38999938964844,185.1300048828125,25640100,183.70333353678384,177.4088880750868,184.4877084293498,Buy
2020-07-30,183.44000244140625,184.3300018310547,182.1300048828125,183.75999450683594,18061200,184.2133331298828,178.92444356282553,184.91544559085168,Buy
2020-07-31,184.50999450683594,185.75,184.1699981689453,185.42999267578125,15876700,184.77333068847656,180.53444247775607,185.38961671902192,Buy
2020-08-03,185.0500030517578,185.82000732421875,184.1999969482422,185.63999938964844,12897000,184.94332885742188,181.93888685438367,185.4574315145073,Buy
2020-08-04,185.61000061035156,189.60000610351562,185.2100067138672,189.58999633789062,20773200,186.88666280110678,183.48999701605902,187.43846963795417,Buy
2020-08-05,191.64999389648438,193.1300048828125,190.6199951171875,191.35000610351562,27078100,188.86000061035156,185.06444295247397,189.450144669584,Buy
2020-08-06,193.74000549316406,194.4499969482422,192.52000427246094,193.88999938964844,20640100,191.61000061035156,186.7522210015191,192.2956661493441,Buy
2020-08-07,192.7100067138672,192.9600067138672,189.3300018310547,190.80999755859375,24570200,192.01666768391928,187.70555453830295,192.65795089591228,Buy
2020-08-10,191.1999969482422,192.61000061035156,189.66000366210938,190.14999389648438,19047200,191.61666361490884,188.41666497124567,192.16452239040385,No Position
2020-08-11,183.57000732421875,183.97999572753906,179.42999267578125,179.94000244140625,45355000,186.96666463216147,187.83999803331164,187.16368297330277,No Position
2020-08-12,182.61000061035156,183.10000610351562,179.0399932861328,179.10000610351562,28660500,183.0633341471354,187.32222154405383,182.96865021574126,No Position
2020-08-13,181.55999755859375,184.6999969482422,181.36000061035156,183.3300018310547,18596800,180.79000345865884,187.08888922797308,180.51975774528515,No Position
2020-08-14,183.44000244140625,183.72000122070312,181.49000549316406,182.5399932861328,11792000,181.65666707356772,186.74444410536023,181.4893827112957,Buy
2020-08-17,184.69000244140625,187.00999450683594,184.66000366210938,186.5,15709800,184.12333170572916,186.40111117892795,184.19613208657043,Buy
2020-08-18,189.17999267578125,189.39999389648438,185.6300048828125,188.17999267578125,16291600,185.73999532063803,186.04888746473523,185.9807236397677,Buy
2020-08-19,187.2100067138672,187.4600067138672,181.7100067138672,182.24000549316406,24646900,185.63999938964844,184.7544436984592,185.97976925722602,No Position
2020-08-20,181.19000244140625,183.7100067138672,180.92999267578125,183.5,16692200,184.63999938964844,183.94222174750433,184.96153573321428,No Position
2020-08-21,182.13999938964844,182.80999755859375,180.47000122070312,182.02999877929688,12713700,182.59000142415366,183.04000006781683,182.81073894685963,No Position
2020-08-24,182.91000366210938,182.92999267578125,180.69000244140625,181.0,11605800,182.17666625976562,183.15777757432727,182.35216445731825,No Position
2020-08-25,181.05999755859375,181.25,179.72999572753906,181.22000122070312,10056100,181.41666666666666,183.39333258734808,181.50740388663277,No Position
2020-08-26,180.25999450683594,183.5800018310547,180.1999969482422,183.36000061035156,12715800,181.86000061035156,183.39666578504773,181.98848097101362,Buy
2020-08-27,185.0,185.1699981689453,179.3699951171875,181.24000549316406,16299200,181.94000244140625,183.2522226969401,182.08735242575,Buy
2020-08-28,183.97999572753906,185.39999389648438,183.39999389648438,184.38999938964844,13200800,182.99666849772134,183.01777818467883,183.254129208375,Buy
2020-08-31,184.7899932861328,185.52999877929688,184.27999877929688,184.8300018310547,10251200,183.4866689046224,182.6455569797092,183.81709762564597,Buy
2020-09-01,186.99000549316406,186.99000549316406,184.3300018310547,185.0500030517578,10662100,184.7566680908203,182.95777893066406,185.1700543188741,Buy
2020-09-02,183.75,183.86000061035156,181.5,182.6199951171875,11536900,184.16666666666666,182.86000061035156,184.5375835300786,No Position
2020-09-03,182.3000030517578,182.82000732421875,180.49000549316406,181.13999938964844,12148100,182.9366658528646,182.7611117892795,183.21031942043084,No Position
2020-09-04,180.9499969482422,182.10000610351562,180.0500030517578,181.63999938964844,11567900,181.79999796549478,182.8322228325738,181.97025904372853,No Position
2020-09-08,179.5,182.27000427246094,179.02000427246094,181.2899932861328,13229200,181.3566640218099,182.83999972873264,181.48825829077379,No Position
2020-09-09,182.5,183.22000122070312,182.19000244140625,183.0500030517578,8424100,181.9933319091797,182.80555555555554,182.18239033696182,Buy
2020-09-10,184.22999572753906,184.67999267578125,182.27999877929688,182.4600067138672,9143600,182.26666768391928,182.94111124674478,182.46789754884367,Buy
2020-09-11,183.13999938964844,183.5500030517578,182.00999450683594,182.4499969482422,7662300,182.65333557128906,182.72555541992188,182.90564685230856,Buy
2020-09-14,183.57000732421875,184.3000030517578,183.38999938964844,183.88999938964844,9709500,182.93333435058594,182.62111070421008,183.21834158884556,Buy
2020-09-15,184.4600067138672,184.6699981689453,182.9199981689453,183.4499969482422,7993700,183.2633310953776,182.44333224826389,183.59141891381307,Buy
2020-09-16,184.97999572753906,185.00999450683594,183.3300018310547,183.97000122070312,12702400,183.7699991861979,182.59333292643228,184.12906806350955,Buy
2020-09-17,181.9199981689453,183.08999633789062,181.47999572753906,182.9600067138672,8836200,183.46000162760416,182.7955559624566,183.77567278387951,No Position
2020-09-18,183.07000732421875,184.08999633789062,182.63999938964844,183.1999969482422,9959700,183.37666829427084,182.96888902452258,183.67078226931736,No Position
2020-09-21,179.83999633789062,180.2899932861328,176.75,179.52000427246094,17436100,181.8933359781901,182.77222357855902,182.07658991596173,No Position
2020-09-22,179.6300048828125,180.02000427246094,178.11000061035156,178.64999389648438,7977900,180.4566650390625,182.28333367241754,180.55735550634773,No Position
2020-09-23,176.97999572753906,177.25999450683594,174.10000610351562,174.7899932861328,18134000,177.65333048502603,181.43110995822482,177.5844593737573,No Position
2020-09-24,174.36000061035156,176.24000549316406,173.77000427246094,175.44000244140625,11759200,176.29332987467447,180.6522216796875,176.17258035110464,No Position
2020-09-25,174.41000366210938,175.3000030517578,173.88999938964844,174.94000244140625,6779200,175.0566660563151,179.65777757432727,174.9125362996046,No Position
2020-09-28,175.8300018310547,176.80999755859375,175.08999633789062,176.6999969482422,7109700,175.6933339436849,178.90777757432727,175.66615807095104,Buy
2020-09-29,177.19000244140625,178.3300018310547,176.9499969482422,178.19000244140625,8718500,176.61000061035156,178.2655554877387,176.71483085991596,Buy
2020-09-30,177.7100067138672,178.61000061035156,176.66000366210938,177.1199951171875,8371800,177.33666483561197,177.61666531032986,177.55776099566586,Buy
2020-10-01,178.7100067138672,179.5,178.0399932861328,178.6999969482422,10402800,178.00333150227866,177.11666531032986,178.3231697915287,Buy
2020-10-02,178.69000244140625,179.2899932861328,178.16000366210938,178.5399932861328,7488500,178.1199951171875,177.00777520073785,178.4588913436213,Buy
2020-10-05,179.02000427246094,180.13999938964844,178.89999389648438,179.41000366210938,6969600,178.88333129882812,177.09222073025174,179.2806705124913,Buy
2020-10-06,180.16000366210938,180.3699951171875,177.0500030517578,177.3000030517578,8632800,178.41666666666666,177.37111070421008,178.75079849429585,No Position
2020-10-07,177.08999633789062,177.4199981689453,176.42999267578125,177.22000122070312,6410900,177.97666931152344,177.56888834635416,178.25662423442,No Position
2020-10-08,178.17999267578125,178.4499969482422,176.6699981689453,177.85000610351562,6530800,177.45667012532553,177.89222208658853,177.6651487422881,No Position
2020-10-09,180.1300048828125,181.1699981689453,179.92999267578125,181.0800018310547,15979800,178.71666971842447,178.37888929578992,178.99274528669795,Buy
2020-10-12,180.57000732421875,180.8300018310547,180.19000244140625,180.55999755859375,4843000,179.8300018310547,178.64222208658853,180.17966369701622,Buy
2020-10-13,178.55999755859375,178.60000610351562,177.10000610351562,177.72000122070312,8384300,179.7866668701172,178.70888943142361,180.12706976079232,No Position
2020-10-14,179.08999633789062,179.58999633789062,178.27000427246094,178.27000427246094,9076600,178.8500010172526,178.6611124674479,179.1140476497282,No Position
2020-10-15,177.7100067138672,179.14999389648438,177.58999633789062,178.9199981689453,6815400,178.30333455403647,178.70333523220486,178.51698884204833,No Position
2020-10-16,179.22000122070312,179.32000732421875,178.1300048828125,178.3000030517578,7260700,178.49666849772134,178.5800018310547,178.7371567425471,Buy
2020-10-19,179.41000366210938,179.47999572753906,178.3699951171875,178.38999938964844,6084400,178.5366668701172,178.70111253526477,178.77051649415418,Buy
2020-10-20,178.5399932861328,179.6699981689453,178.0800018310547,179.25,7121400,178.64666748046875,178.92666795518664,178.8711985634687,Buy
2020-10-21,180.47000122070312,181.30999755859375,180.22999572753906,180.60000610351562,7548100,179.41333516438803,179.2322235107422,179.6782123463783,Buy
2020-10-22,178.8800048828125,179.02999877929688,177.72000122070312,178.8300018310547,8377000,179.56000264485678,178.9822235107422,179.85824245470204,Buy
2020-10-23,179.08999633789062,179.1999969482422,177.75999450683594,178.63999938964844,5919300,179.3566691080729,178.76889038085938,179.65520710648482,No Position
2020-10-26,178.75,179.13999938964844,178.22000122070312,178.5500030517578,5105100,178.67333475748697,178.8611128065321,178.9056029320684,No Position
2020-10-27,178.7100067138672,179.42999267578125,178.50999450683594,179.02000427246094,5826900,178.7366689046224,178.94444613986545,178.96744045797425,Buy
2020-10-28,176.4499969482422,176.85000610351562,175.44000244140625,176.1300048828125,11734100,177.9000040690104,178.6344468858507,178.0847960169307,No Position
2020-10-29,175.02000427246094,176.13999938964844,174.8300018310547,175.39999389648438,8474500,176.8500010172526,178.31222364637586,176.9715337800048,No Position
2020-10-30,177.17999267578125,177.36000061035156,175.9499969482422,176.1999969482422,7303000,175.90999857584634,178.06889004177518,175.97114708062549,No Position
2020-11-02,177.4499969482422,177.92999267578125,177.1300048828125,177.91000366210938,6498400,176.50333150227866,177.92000155978732,176.62774241197548,Buy
2020-11-03,178.9499969482422,179.38999938964844,178.3000030517578,178.9199981689453,7577200,177.67666625976562,177.73333401150174,177.91722131596504,Buy
2020-11-04,178.92999267578125,179.19000244140625,177.66000366210938,178.82000732421875,11117300,178.5500030517578,177.7322235107422,178.8655476704298,Buy
2020-11-05,181.0,183.2899932861328,180.97000122070312,182.92999267578125,16102800,180.22333272298178,178.20888943142361,180.64275290608137,Buy
2020-11-06,183.39999389648438,183.52999877929688,182.19000244140625,183.19000244140625,10378300,181.64666748046875,178.72444491916232,182.14529050769158,Buy
2020-11-09,176.4199981689453,176.4499969482422,173.63999938964844,175.0800018310547,29800700,180.3999989827474,178.2866668701172,180.82810379508985,No Position
2020-11-10,176.75,176.91000366210938,175.66000366210938,175.66000366210938,11728500,177.97666931152344,178.2344445122613,178.20129137022812,No Position
2020-11-11,174.6999969482422,175.27999877929688,174.44000244140625,174.89999389648438,9008500,175.2133331298828,178.17888895670572,175.20559064009677,No Position
2020-11-12,176.0399932861328,176.77000427246094,175.83999633789062,175.9600067138672,7167900,175.5066680908203,178.15222337510852,175.5262988825121,Buy
2020-11-13,177.64999389648438,177.8000030517578,176.83999633789062,177.16000366210938,6469800,176.0066680908203,178.06889004177518,176.07610695932533,Buy
2020-11-16,177.22999572753906,177.91000366210938,176.8699951171875,177.14999389648438,8358500,176.7566680908203,177.87222290039062,176.9067773218042,Buy
2020-11-17,177.25,177.44000244140625,176.08999633789062,176.5,8229100,176.9366658528646,177.61444430881076,177.1236428067263,Buy
2020-11-18,176.25999450683594,176.86000061035156,175.35000610351562,175.49000549316406,7384700,176.37999979654947,176.78777906629773,176.58796426500436,No Position
2020-11-19,174.3000030517578,175.22000122070312,174.1699981689453,175.16000366210938,6965100,175.71666971842447,175.8955569797092,175.9419244609617,No Position
2020-11-20,176.1199951171875,176.3800048828125,175.5800018310547,175.69000244140625,6379400,175.44667053222656,175.96333482530383,175.64313528348862,No Position
2020-11-23,175.10000610351562,175.24000549316406,171.77999877929688,172.22999572753906,15510600,174.36000061035156,175.5822228325738,174.49495751132613,No Position
2020-11-24,169.3000030517578,169.69000244140625,168.86000061035156,169.58999633789062,19504000,172.50333150227866,174.99222310384116,172.5281119965992,No Position
2020-11-25,169.97999572753906,170.52000427246094,169.24000549316406,169.50999450683594,10286600,170.44332885742188,174.27555508083768,170.35102601134568,No Position
2020-11-27,166.89999389648438,167.8300018310547,166.77999877929688,167.7899932861328,10569100,168.96332804361978,173.23444281684027,168.83065630586083,No Position
2020-11-30,166.67999267578125,167.42999267578125,166.02999877929688,166.6699981689453,13210000,167.98999532063803,172.0699988471137,167.87065999853138,No Position
2020-12-01,169.75999450683594,170.47999572753906,169.3000030517578,170.17999267578125,13533300,168.21332804361978,171.36777581108942,168.1715269702617,Buy
2020-12-02,170.57000732421875,171.75999450683594,170.14999389648438,171.4600067138672,9199700,169.4366658528646,170.9199981689453,169.53700529490933,Buy
2020-12-03,172.63999938964844,172.85000610351562,171.0800018310547,172.80999755859375,10457300,171.48333231608072,170.6588863796658,171.78090183549622,Buy
2020-12-04,172.77999877929688,173.32000732421875,171.58999633789062,172.32000732421875,10098600,172.19667053222656,170.28444247775607,172.5865462705657,Buy
2020-12-07,172.55999755859375,175.2899932861328,172.50999450683594,174.88999938964844,10555100,173.34000142415366,170.57999844021268,173.80335718812904,Buy
2020-12-08,175.50999450683594,175.92999267578125,174.72000122070312,175.5,6348400,174.2366689046224,171.2366655137804,174.72232889823275,Buy
2020-12-09,173.9199981689453,174.0399932861328,171.24000549316406,172.5,10743200,174.29666646321616,171.56888834635416,174.75985156902775,Buy
2020-12-10,172.89999389648438,173.5800018310547,171.6999969482422,172.1699981689453,6564000,173.38999938964844,172.05555555555554,173.73496842449362,No Position
2020-12-11,172.25,173.32000732421875,172.11000061035156,172.49000549316406,6084800,172.38666788736978,172.7022230360243,172.59182885586418,No Position
2020-12-14,171.91000366210938,172.52000427246094,170.91000366210938,171.5399932861328,7644400,172.06666564941406,172.85333421495227,172.2318202234978,No Position
2020-12-15,173.42999267578125,173.97999572753906,173.05999755859375,173.94000244140625,6840500,172.65666707356772,173.12888929578992,172.8495110465286,Buy
2020-12-16,174.1300048828125,175.02000427246094,173.02000427246094,174.89999389648438,8174700,173.45999654134116,173.36111111111111,173.70242752720517,Buy
2020-12-17,177.14999389648438,177.8699951171875,176.5800018310547,176.74000549316406,9475800,175.1933339436849,173.8522220187717,175.54358582418737,Buy
2020-12-18,176.64999389648438,176.97999572753906,176.10000610351562,176.44000244140625,6789900,176.02666727701822,174.02444458007812,176.4340675025959,Buy
2020-12-21,176.2899932861328,176.94000244140625,175.75999450683594,175.8800048828125,8168900,176.35333760579428,174.06666734483508,176.78524272480942,Buy
2020-12-22,176.1999969482422,176.33999633789062,174.33999633789062,174.49000549316406,9442400,175.60333760579428,174.28777906629773,175.95254009413296,No Position
2020-12-23,175.10000610351562,176.2100067138672,175.05999755859375,175.64999389648438,6542800,175.34000142415366,174.67444525824652,175.63447366934486,No Position
2020-12-24,175.5500030517578,176.3699951171875,175.50999450683594,176.35000610351562,3695400,175.49666849772134,175.10333421495227,175.7689196115741,Buy
2020-12-28,177.25999450683594,177.91000366210938,175.6300048828125,175.7100067138672,7778700,175.90333557128906,175.56666904025607,176.17194176475857,Buy
2020-12-29,176.25,176.97000122070312,175.57000732421875,176.35000610351562,5983700,176.1366729736328,175.8344472249349,176.40302766457967,Buy
2020-12-30,176.44000244140625,177.72000122070312,176.44000244140625,177.6999969482422,5914000,176.586669921875,176.14555867513022,176.8657511702194,Buy
2020-12-31,178.07000732421875,178.39999389648438,177.32000732421875,178.36000061035156,7540800,177.47000122070312,176.3255581325955,177.80987207855924,Buy
2021-01-04,181.97000122070312,182.39999389648438,180.9600067138672,182.3300018310547,14331400,179.4633331298828,176.98000250922308,179.91974279143443,Buy
2021-01-05,182.8699951171875,183.2100067138672,181.82000732421875,182.8699951171875,12718800,181.1866658528646,177.7566680908203,181.72629802663116,Buy
2021-01-06,181.49000549316406,181.5800018310547,178.24000549316406,179.89999389648438,18453500,181.6999969482422,178.35777791341147,182.23367738497555,Buy
2021-01-07,179.69000244140625,179.9199981689453,178.83999633789062,179.47999572753906,7110200,180.74999491373697,178.78333367241754,181.1668235499693,No Position
2021-01-08,176.8300018310547,176.99000549316406,171.47999572753906,173.33999633789062,24399900,177.57332865397134,178.44888814290366,177.74553190772858,No Position
2021-01-11,172.13999938964844,173.67999267578125,172.02999877929688,173.0,8571400,175.27333068847656,178.14777628580728,175.27332021918824,No Position
2021-01-12,173.1300048828125,174.17999267578125,172.32000732421875,174.1199951171875,9798500,173.48666381835938,177.89999728732639,173.35402885143498,No Position
2021-01-13,173.67999267578125,174.4600067138672,173.0500030517578,173.3699951171875,14110300,173.49666341145834,177.41888597276477,173.40488453634103,Buy
2021-01-14,173.44000244140625,174.22000122070312,172.66000366210938,173.27999877929688,13522700,173.58999633789062,176.85444132486978,173.5531483578788,Buy
2021-01-15,172.83999633789062,173.07000732421875,170.97999572753906,171.1300048828125,16172500,172.59333292643228,175.60999721950955,172.57447155950635,No Position
2021-01-19,172.7100067138672,172.85000610351562,171.9199981689453,172.5800018310547,7485700,172.3300018310547,174.46666463216147,172.38361136390344,No Position
2021-01-20,174.3699951171875,175.47000122070312,173.82000732421875,175.38999938964844,9456000,173.03333536783853,173.96555413140192,173.18892389997197,Buy
2021-01-21,175.11000061035156,175.50999450683594,174.50999450683594,175.27999877929688,7246800,174.41666666666666,173.49888780381946,174.72968709633412,Buy
2021-01-22,172.88999938964844,174.2899932861328,172.35000610351562,173.89999389648438,7269600,174.8566640218099,173.5611097547743,175.20224556642117,Buy
2021-01-25,174.82000732421875,174.9600067138672,173.19000244140625,174.0500030517578,5936800,174.40999857584634,173.67777676052518,174.70757471971274,No Position
2021-01-26,173.97999572753906,174.25999450683594,173.4199981689453,173.6199951171875,4685600,173.8566640218099,173.6222212049696,174.1114050394915,No Position
2021-01-27,172.92999267578125,173.52000427246094,171.66000366210938,172.52000427246094,9036500,173.39666748046875,173.52777777777777,173.61981107797337,No Position
2021-01-28,174.27999877929688,174.72999572753906,172.0399932861328,172.67999267578125,9392400,172.93999735514322,173.46111043294272,173.12951956351918,No Position
2021-01-29,174.8699951171875,175.16000366210938,172.61000061035156,172.61000061035156,11252800,172.60333251953125,173.62555440266928,172.7503108928436,No Position
2021-02-01,175.02000427246094,175.25999450683594,174.05999755859375,174.22999572753906,9105500,173.17332967122397,173.8088870578342,173.35394904790576,Buy
2021-02-02,172.49000549316406,172.52999877929688,171.50999450683594,172.11000061035156,7221700,172.98333231608072,173.44444274902344,173.17795663877652,No Position
2021-02-03,172.36000061035156,172.58999633789062,171.5,171.85000610351562,4658100,172.7300008138021,173.06333245171442,172.93458412848375,No Position
2021-02-04,168.2899932861328,168.39999389648438,167.33999633789062,168.14999389648438,13736600,170.70333353678384,172.42444356282553,170.78722596264362,No Position
2021-02-05,168.99000549316406,170.17999267578125,168.6699981689453,169.80999755859375,6538500,169.9366658528646,171.95333184136285,169.9939761523535,No Position
2021-02-08,171.97999572753906,172.39999389648438,171.49000549316406,171.52000427246094,6887500,169.82666524251303,171.7199995252821,169.89394063694536,No Position
2021-02-09,172.57000732421875,173.02999877929688,171.75,172.0800018310547,5131800,171.13666788736978,171.67111036512586,171.32035345695058,Buy
2021-02-10,173.14999389648438,173.22000122070312,172.00999450683594,172.7100067138672,6112800,172.10333760579428,171.67444525824652,172.3696473760268,Buy
2021-02-11,172.6999969482422,172.8699951171875,170.7100067138672,171.2100067138672,5994500,172.00000508626303,171.51889038085938,172.27038556211875,No Position
2021-02-12,170.2899932861328,171.64999389648438,169.8800048828125,170.69000244140625,6018900,171.53667195638022,171.1255577935113,171.800017848886,No Position
2021-02-16,168.13999938964844,170.07000732421875,167.72999572753906,168.24000549316406,14761100,170.04667154947916,170.69555833604602,170.21798442264713,No Position
2021-02-17,166.9199981689453,167.33999633789062,165.85000610351562,166.3300018310547,11400700,168.42000325520834,170.08222452799478,168.5028045021203,No Position
2021-02-18,166.97999572753906,167.3000030517578,165.72999572753906,166.32000732421875,7498200,166.96333821614584,169.87889268663196,166.9381206369666,No Position
2021-02-19,166.75999450683594,167.94000244140625,166.60000610351562,167.00999450683594,8273500,166.55333455403647,169.56778123643664,166.51882023593683,No Position
2021-02-22,168.5399932861328,169.88999938964844,168.3000030517578,169.50999450683594,10072000,167.61333211263022,169.34444681803384,167.68829056142366,Buy
2021-02-23,169.47999572753906,169.74000549316406,168.27999877929688,169.1199951171875,8616800,168.54666137695312,169.01555718315973,168.72900516460487,Buy
2021-02-24,167.64999389648438,169.13999938964844,167.14999389648438,169.0,8890600,169.20999654134116,168.60333421495227,169.48349916119767,Buy
2021-02-25,166.9199981689453,167.66000366210938,165.4499969482422,165.82000732421875,16359400,167.9800008138021,168.00444539388022,168.19780946558248,No Position
2021-02-26,165.0,165.10000610351562,160.9499969482422,161.80999755859375,23730400,165.5433349609375,167.01777818467883,165.6342048234692,No Position
2021-03-01,163.02999877929688,163.35000610351562,161.16000366210938,161.52999877929688,13828300,163.05333455403647,166.27222188313803,162.99264623726728,No Position
2021-03-02,161.92999267578125,162.92999267578125,161.22000122070312,162.41000366210938,11424600,161.91666666666666,165.836666531033,161.79470898147247,No Position
2021-03-03,160.61000061035156,161.69000244140625,159.49000549316406,160.6199951171875,13059900,161.5199991861979,165.20333184136285,161.41667739691385,No Position
2021-03-04,160.60000610351562,161.4600067138672,158.42999267578125,159.0399932861328,13870100,160.68999735514322,164.31777615017361,160.5891178650033,No Position
2021-03-05,159.66000366210938,159.82000732421875,158.5500030517578,159.13999938964844,12821600,159.5999959309896,163.16555447048611,159.50143123134015,No Position
2021-03-08,158.5800018310547,158.74000549316406,157.1300048828125,157.49000549316406,12134900,158.5566660563151,161.87333340115018,158.4760579314361,No Position
2021-03-09,160.75,161.25,160.4199981689453,160.83999633789062,10382600,159.15666707356772,160.96666632758246,159.20289324033635,Buy
2021-03-10,161.05999755859375,161.77999877929688,160.66000366210938,161.66000366210938,7962000,159.99666849772134,160.5044436984592,160.1533612307358,Buy
2021-03-11,161.47000122070312,161.97999572753906,161.1199951171875,161.52000427246094,6749200,161.34000142415366,160.47222222222223,161.61457701818827,Buy
2021-03-12,159.5399932861328,161.69000244140625,159.35000610351562,161.49000549316406,8608500,161.55667114257812,160.46777852376303,161.85019773979764,Buy
2021-03-15,162.30999755859375,162.5500030517578,161.42999267578125,162.1999969482422,8104500,161.7366689046224,160.44444444444446,162.04757202769983,Buy
2021-03-16,162.36000061035156,163.1999969482422,161.80999755859375,162.35000610351562,7547400,162.01333618164062,160.63666788736978,162.33198521976234,Buy
2021-03-17,162.27000427246094,164.14999389648438,161.47999572753906,163.50999450683594,12626700,162.6866658528646,161.13333468967014,163.0217677700195,Buy
2021-03-18,161.14999389648438,162.82000732421875,161.11000061035156,162.55999755859375,8711100,162.8066660563151,161.5133344862196,163.12046683300957,Buy
2021-03-19,162.55999755859375,163.42999267578125,162.42999267578125,163.24000549316406,6868900,163.10333251953125,162.15222337510852,163.38945956362235,Buy
2021-03-22,162.27000427246094,163.1300048828125,162.16000366210938,163.0,5240000,162.93333435058594,162.39222378200955,163.18492927433036,No Position
2021-03-23,162.4499969482422,162.49000549316406,161.58999633789062,161.80999755859375,6048300,162.68333435058594,162.4088897705078,162.91210373688378,No Position
2021-03-24,162.2100067138672,162.88999938964844,161.94000244140625,162.3699951171875,6183700,162.3933308919271,162.50333319769965,162.58937780607516,No Position
2021-03-25,163.05999755859375,163.5800018310547,161.32000732421875,161.77999877929688,8398600,161.98666381835938,162.53555467393664,162.1451562005572,No Position
2021-03-26,161.7100067138672,162.72999572753906,161.64999389648438,162.24000549316406,6153900,162.12999979654947,162.54000006781683,162.30041507146652,Buy
2021-03-29,161.4600067138672,161.52000427246094,159.8300018310547,160.30999755859375,8409300,161.4433339436849,162.31333245171442,161.57370549675449,No Position
2021-03-30,157.94000244140625,158.1999969482422,157.5500030517578,157.57000732421875,8353200,160.04000345865884,161.65333387586804,160.10489640927537,No Position
2021-03-31,158.05999755859375,160.67999267578125,158.0500030517578,159.9600067138672,10623800,159.2800038655599,161.36444600423178,159.30373685740636,No Position
2021-04-01,161.55999755859375,162.11000061035156,161.27999877929688,161.97999572753906,7105200,159.836669921875,161.22444491916232,159.9197818946442,Buy
2021-04-05,161.52000427246094,162.39999389648438,161.36000061035156,161.9199981689453,6163800,161.2866668701172,161.1044447157118,161.50410692389158,Buy
2021-04-06,162.7899932861328,163.52999877929688,162.75,163.22000122070312,6761200,162.37333170572916,161.2611117892795,162.67093902661114,Buy
2021-04-07,162.82000732421875,163.30999755859375,162.5,162.75999450683594,5436000,162.63333129882812,161.30444505479602,162.94963351585614,Buy
2021-04-08,164.1699981689453,164.77000427246094,164.13999938964844,164.50999450683594,6574500,163.49666341145834,161.60777791341147,163.86178644510156,Buy
2021-04-09,162.75,163.66000366210938,162.47999572753906,163.27000427246094,6657900,163.5133310953776,161.72222222222223,163.8703689010728,Buy
2021-04-12,162.72999572753906,162.8000030517578,161.80999755859375,162.27999877929688,4896700,163.35333251953125,161.94111124674478,163.6784509220784,No Position
2021-04-13,163.17999267578125,163.85000610351562,163.02999877929688,163.42999267578125,6995900,162.9933319091797,162.59222073025174,163.23344491202303,No Position
2021-04-14,162.77000427246094,163.0500030517578,162.3000030517578,162.72000122070312,6312300,162.80999755859375,162.89888678656683,163.0088922977633,No Position
2021-04-15,164.07000732421875,165.7899932861328,164.02999877929688,165.35000610351562,8250600,163.83333333333334,163.27333238389758,164.08885862475967,Buy
2021-04-16,166.24000549316406,166.80999755859375,165.94000244140625,166.35000610351562,10057600,164.80667114257812,163.7655554877387,165.10474740712272,Buy
2021-04-19,165.91000366210938,166.44000244140625,165.72000122070312,165.88999938964844,5721700,165.86333719889322,164.06222195095486,166.22736880064264,Buy
2021-04-20,165.64999389648438,166.80999755859375,165.6199951171875,166.47999572753906,6532000,166.24000040690103,164.47555541992188,166.60197096298432,Buy
2021-04-21,167.17999267578125,168.38999938964844,167.14999389648438,168.1300048828125,8380200,166.83333333333334,164.8777787950304,167.21274807627051,Buy
2021-04-22,167.11000061035156,167.52999877929688,166.49000549316406,167.0399932861328,7680100,167.21666463216147,165.29666646321616,167.59412842013379,Buy
2021-04-23,167.3699951171875,167.52999877929688,165.77999877929688,166.39999389648438,7106400,167.18999735514322,165.7544436984592,167.52711557675465,No Position
2021-04-26,166.6300048828125,166.8699951171875,166.0500030517578,166.83999633789062,4786600,166.75999450683594,166.13333299424914,167.02873572980036,No Position
2021-04-27,166.9199981689453,167.14999389648438,166.27999877929688,166.4199981689453,5363500,166.55332946777344,166.54444376627603,166.7701682884443,No Position
2021-04-28,165.75,166.9600067138672,165.49000549316406,166.91000366210938,6932200,166.72333272298178,166.717776828342,166.94034047188708,Buy
2021-04-29,165.5800018310547,166.25999450683594,164.47000122070312,166.22000122070312,9067600,166.51666768391928,166.70333184136285,166.7171527929393,No Position
2021-04-30,165.86000061035156,166.0,165.24000549316406,165.66000366210938,6248700,166.26333618164062,166.67777676052518,166.4442202101635,No Position
2021-05-03,167.61000061035156,168.42999267578125,167.41000366210938,167.80999755859375,9014700,166.5633341471354,166.82555474175348,166.7576600243532,Buy
2021-05-04,167.69000244140625,168.5500030517578,165.5,166.5800018310547,10267400,166.68333435058594,166.65333218044705,166.90226962997843,Buy
2021-05-05,166.6300048828125,167.30999755859375,166.61000061035156,167.27000427246094,5950000,167.22000122070312,166.67888895670572,167.48283624010818,Buy
2021-05-06,167.9499969482422,170.2899932861328,167.9199981689453,170.05999755859375,13574100,167.97000122070312,167.08555603027344,168.26334673346054,Buy
2021-05-07,171.52999877929688,172.5500030517578,171.0,171.58999633789062,14748600,169.63999938964844,167.6133338080512,170.0326854311849,Buy
2021-05-10,172.74000549316406,172.83999633789062,171.77999877929688,172.11000061035156,8276600,171.25333150227866,168.2455563015408,171.73181509761434,Buy
2021-05-11,170.55999755859375,172.1699981689453,170.27000427246094,172.13999938964844,8348200,171.94666544596353,168.82666693793402,172.43629701070006,Buy
2021-05-12,171.42999267578125,171.83999633789062,170.35000610351562,170.42999267578125,12666300,171.55999755859375,169.29444376627603,171.97757861230627,No Position
2021-05-13,170.35000610351562,171.27000427246094,170.22999572753906,171.1300048828125,8078300,171.23333231608072,169.9022216796875,171.57236929712744,No Position
2021-05-14,172.0500030517578,172.6999969482422,171.82000732421875,172.69000244140625,9686800,171.41666666666666,170.44444444444446,171.72634717666682,Buy
2021-05-17,173.3000030517578,175.0,173.27999877929688,174.6999969482422,11956800,172.84000142415366,171.34666612413196,173.19673820826142,Buy
2021-05-18,175.17999267578125,175.2100067138672,174.4600067138672,175.0399932861328,7294000,174.1433308919271,172.20999823676215,174.5400655061177,Buy
2021-05-19,175.13999938964844,177.0,174.35000610351562,175.16000366210938,20741100,174.96666463216147,172.77666558159723,175.3868967628831,Buy
2021-05-20,175.32000732421875,176.4600067138672,175.11000061035156,175.9600067138672,9802800,175.38666788736978,173.26222229003906,175.80255132862965,Buy
2021-05-21,176.5800018310547,176.86000061035156,175.14999389648438,176.0399932861328,7677200,175.72000122070312,173.69888814290366,176.12816784979273,Buy
2021-05-24,176.14999389648438,176.58999633789062,175.8699951171875,176.35000610351562,5557300,176.11666870117188,174.16666666666666,176.51996340697076,Buy
2021-05-25,176.14999389648438,177.9499969482422,176.0399932861328,177.9499969482422,8986900,176.77999877929688,175.0022226969401,177.17071430131503,Buy
2021-05-26,178.3699951171875,178.61000061035156,177.0399932861328,177.63999938964844,8495400,177.3133341471354,175.72555541992188,177.6896521546667,Buy
2021-05-27,177.38999938964844,177.82000732421875,176.80999755859375,177.7100067138672,7993000,177.76666768391928,176.28333367241754,178.13549106308375,Buy
2021-05-28,177.4600067138672,178.42999267578125,177.24000549316406,178.3800048828125,9967000,177.91000366210938,176.69222344292535,178.25712532511488,Buy
2021-06-01,178.75999450683594,178.85000610351562,177.19000244140625,177.89999389648438,9143300,177.99666849772134,177.01000128851996,178.32480317897173,Buy
2021-06-02,178.33999633789062,178.77999877929688,177.97000122070312,178.77000427246094,6613100,178.3500010172526,177.4111124674479,178.6750899504414,Buy
2021-06-03,175.8300018310547,175.8300018310547,174.66000366210938,175.27000427246094,10153900,177.3133341471354,177.33444552951389,177.55589259763164,No Position
2021-06-04,176.64999389648438,177.57000732421875,176.61000061035156,177.16000366210938,8375300,177.0666707356771,177.4588911268446,177.27772923633452,No Position
2021-06-07,176.9600067138672,177.89999389648438,176.6300048828125,177.8699951171875,7709100,176.76666768391928,177.6277787950304,176.93795701959425,No Position
2021-06-08,177.22999572753906,177.5399932861328,176.3699951171875,177.32000732421875,5905800,177.45000203450522,177.55777994791666,177.68571357495574,Buy
2021-06-09,177.3800048828125,177.8000030517578,176.77999877929688,176.97999572753906,6346100,177.38999938964844,177.48444620768228,177.62666191648307,No Position
2021-06-10,176.6999969482422,177.85000610351562,176.47999572753906,177.74000549316406,9896600,177.34666951497397,177.48777940538196,177.5793389633096,No Position
2021-06-11,176.3300018310547,176.57000732421875,175.47999572753906,175.74000549316406,7836900,176.82000223795572,177.19444613986545,177.03189185364258,No Position
2021-06-14,173.16000366210938,175.05999755859375,172.9499969482422,174.7100067138672,7733600,176.06333923339844,176.84000311957465,176.23980514540239,No Position
2021-06-15,174.77999877929688,174.9199981689453,173.33999633789062,174.0500030517578,7550200,174.83333841959634,176.31555853949652,174.94792079816287,No Position
2021-06-16,173.91000366210938,174.47000122070312,171.02999877929688,171.11000061035156,16919700,173.29000345865884,175.85333591037326,173.3106578172479,No Position
2021-06-17,167.02000427246094,167.6199951171875,165.44000244140625,165.85000610351562,27232200,170.336669921875,174.59666951497397,170.20852327860882,No Position
2021-06-18,166.13999938964844,166.72000122070312,164.8699951171875,164.92999267578125,15744300,167.29666646321616,173.15889146592883,167.0273432394233,No Position
2021-06-21,166.52000427246094,167.22000122070312,166.0,166.9499969482422,8371000,165.90999857584634,172.0066680908203,165.6175482102028,No Position
2021-06-22,166.35000610351562,166.9199981689453,166.00999450683594,166.25,7223900,166.04332987467447,170.81444634331598,165.86143265518132,Buy
2021-06-23,166.97000122070312,168.02999877929688,165.97000122070312,166.13999938964844,8474300,166.44666544596353,169.52555677625867,166.4065136484831,Buy
2021-06-24,167.0,167.22999572753906,166.00999450683594,166.0399932861328,6903400,166.1433308919271,168.4477776421441,166.16676933457052,No Position
2021-06-25,167.4499969482422,167.52999877929688,166.2899932861328,166.58999633789062,7473700,166.25666300455728,167.54555426703558,166.36482964421734,Buy
2021-06-28,166.67999267578125,166.91000366210938,166.36000061035156,166.5800018310547,6508900,166.40333048502603,166.71555413140192,166.59307967804136,Buy
2021-06-29,164.33999633789062,165.27999877929688,164.00999450683594,164.8300018310547,7451400,166.0,166.0177764892578,166.21317131481922,No Position
2021-06-30,164.57000732421875,166.10000610351562,164.2899932861328,165.6300048828125,7955800,165.68000284830728,165.9933319091797,165.8677635215351,No Position
2021-07-01,166.64999389648438,166.8800048828125,165.5,166.1999969482422,7430500,165.55333455403647,166.13444349500867,165.7185004681108,No Position
2021-07-02,167.35000610351562,167.72000122070312,166.39999389648438,167.2899932861328,7873600,166.37333170572916,166.1722208658854,166.60567973094257,Buy
2021-07-06,169.27000427246094,169.64999389648438,167.5399932861328,168.1199951171875,7932100,167.20332845052084,166.37999810112848,167.48958273868362,Buy
2021-07-07,168.72000122070312,169.22999572753906,168.19000244140625,168.75999450683594,7108900,168.0566609700521,166.67110866970486,168.3918946452603,Buy
2021-07-08,169.82000732421875,169.86000061035156,167.91000366210938,168.64999389648438,7244300,168.50999450683594,166.9611087375217,168.85999603832607,Buy
2021-07-09,168.83999633789062,169.6199951171875,168.66000366210938,169.2100067138672,4997400,168.87333170572916,167.2522210015191,169.2302905549591,Buy
2021-07-12,168.6999969482422,169.16000366210938,167.63999938964844,169.0,7315400,168.95333353678384,167.52110968695746,169.2947985223396,Buy
2021-07-13,169.50999450683594,169.89999389648438,168.92999267578125,169.22000122070312,7040300,169.1433359781901,168.0088873969184,169.46054278836968,Buy
2021-07-14,170.91000366210938,171.0399932861328,170.27999877929688,171.0399932861328,8830300,169.75333150227866,168.60999721950955,170.07287650295368,Buy
2021-07-15,170.88999938964844,171.3000030517578,170.33999633789062,171.07000732421875,6520100,170.4433339436849,169.15110948350696,170.777066580614,Buy
2021-07-16,170.64999389648438,170.9499969482422,169.27999877929688,169.41000366210938,9460300,170.5066680908203,169.3866661919488,170.82624859257047,Buy
2021-07-19,169.50999450683594,169.91000366210938,168.88999938964844,169.61000061035156,6707400,170.0300038655599,169.5522223578559,170.29494173916427,No Position
2021-07-20,170.50999450683594,170.8000030517578,168.9199981689453,169.38999938964844,6540100,169.47000122070312,169.62222290039062,169.68109365795567,No Position
2021-07-21,168.3300018310547,169.0,168.13999938964844,168.75999450683594,4622600,169.25333150227866,169.6344451904297,169.44482624148637,No Position
2021-07-22,168.49000549316406,169.19000244140625,168.05999755859375,169.08999633789062,4793600,169.07999674479166,169.62111070421008,169.25773491970565,No Position
2021-07-23,168.5,168.8800048828125,167.9499969482422,168.55999755859375,5831500,168.80332946777344,169.57222154405383,168.9614052331251,No Position
2021-07-26,168.5800018310547,168.86000061035156,168.0800018310547,168.16000366210938,5229800,168.60333251953125,169.4544440375434,168.7540483361097,No Position
2021-07-27,168.72999572753906,168.91000366210938,167.92999267578125,168.44000244140625,6300200,168.38666788736978,169.1655561659071,168.54282007342462,No Position
2021-07-28,168.25999450683594,169.3800048828125,167.72000122070312,169.2899932861328,7905800,168.62999979654947,168.967776828342,168.8234630278788,Buy
2021-07-29,170.6999969482422,171.52000427246094,170.6699981689453,171.1699981689453,8119600,169.63333129882812,169.16333177354602,169.89658209112298,Buy
2021-07-30,170.72000122070312,170.99000549316406,169.3800048828125,169.82000732421875,7391700,170.09333292643228,169.1866658528646,170.39409344864438,Buy
2021-08-02,169.3000030517578,170.25,169.10000610351562,169.61000061035156,10783200,170.20000203450522,169.21111043294272,170.50787821591416,Buy
2021-08-03,169.4199981689453,169.8300018310547,169.2100067138672,169.49000549316406,5402300,169.64000447591147,169.29222276475696,169.89311184763835,No Position
2021-08-04,171.27999877929688,171.39999389648438,168.99000549316406,169.52999877929688,9796300,169.5433349609375,169.3411119249132,169.78408743254332,No Position
2021-08-05,169.3699951171875,169.44000244140625,168.1999969482422,168.86000061035156,8015000,169.2933349609375,169.37444559733072,169.50987618080552,No Position
2021-08-06,165.83999633789062,165.92999267578125,164.5500030517578,164.63999938964844,13547600,167.67666625976562,168.98333401150174,167.78707835412519,No Position
2021-08-09,163.00999450683594,163.2899932861328,161.25999450683594,161.72000122070312,11547000,165.07333374023438,168.23666720920139,165.02256063415567,No Position
2021-08-10,161.38999938964844,162.11000061035156,160.67999267578125,161.77000427246094,6870800,162.71000162760416,167.40111287434897,162.5260156339331,No Position
2021-08-11,163.14999389648438,164.1699981689453,162.67999267578125,164.0,7382400,162.49666849772134,166.6044464111328,162.36062016911615,No Position
2021-08-12,163.64999389648438,164.10000610351562,162.92999267578125,164.0399932861328,5211700,163.2699991861979,165.96222262912326,163.25366464793288,Buy
2021-08-13,165.02000427246094,166.4600067138672,164.88999938964844,166.38999938964844,7466900,164.80999755859375,165.6044447157118,164.95547792223576,Buy
2021-08-16,166.72999572753906,167.38999938964844,166.58999633789062,167.22000122070312,7776500,165.88333129882812,165.3522220187717,166.1418298458226,Buy
2021-08-17,167.2899932861328,167.72999572753906,166.55999755859375,166.97000122070312,7107000,166.86000061035156,165.0677778455946,167.2259062352738,Buy
2021-08-18,167.24000549316406,167.50999450683594,166.25999450683594,167.10000610351562,7697900,167.09666951497397,164.87222290039062,167.49912983580668,Buy
2021-08-19,167.24000549316406,167.2899932861328,166.16000366210938,166.61000061035156,6934300,166.8933359781901,165.0911119249132,167.26016049584612,No Position
2021-08-20,166.8000030517578,167.13999938964844,166.36000061035156,166.6999969482422,7154000,166.80333455403647,165.64444478352866,167.11643769527163,No Position
2021-08-23,168.82000732421875,168.91000366210938,167.9600067138672,168.72999572753906,8190500,167.34666442871094,166.4177771674262,167.64207032196407,Buy
2021-08-24,169.0399932861328,169.27000427246094,168.52000427246094,168.64999389648438,4519200,168.02666219075522,166.93444315592447,168.3374301295478,Buy
2021-08-25,167.8800048828125,167.9199981689453,166.74000549316406,167.47999572753906,5588800,168.28666178385416,167.31666564941406,168.58795011964745,Buy
2021-08-26,167.2100067138672,168.2100067138672,166.8300018310547,167.6699981689453,4371900,167.9333292643229,167.4588877360026,168.19249182497396,No Position
2021-08-27,167.5800018310547,170.19000244140625,166.8699951171875,170.19000244140625,10036400,168.44666544596353,167.7888878716363,168.72241616414124,Buy
2021-08-30,169.66000366210938,169.83999633789062,169.08999633789062,169.35000610351562,3768600,169.07000223795572,168.05333285861545,169.37722485994456,Buy
2021-08-31,169.22999572753906,169.9199981689453,168.75,169.69000244140625,6336000,169.74333699544272,168.3411102294922,170.08437953691288,Buy
2021-09-01,169.94000244140625,170.0,169.16000366210938,169.6999969482422,4764900,169.5800018310547,168.68444315592447,169.87849283389184,No Position
2021-09-02,169.5,169.6300048828125,168.82000732421875,169.25,4599800,169.54666646321616,168.967776828342,169.81874289627817,No Position
2021-09-03,170.58999633789062,171.5500030517578,170.14999389648438,171.05999755859375,8353300,170.00333150227866,169.22666592068143,170.29304799831237,Buy
2021-09-07,169.55999755859375,169.77999877929688,167.6300048828125,167.7100067138672,10004600,169.34000142415366,169.12222290039062,169.58151398908987,No Position
2021-09-08,168.02000427246094,168.0800018310547,166.6999969482422,167.2899932861328,6576000,168.6866658528646,169.10111151801215,168.87390360653282,No Position
2021-09-09,168.1699981689453,168.27999877929688,166.8300018310547,168.02999877929688,6641400,167.67666625976562,169.14111158582898,167.77396107636565,No Position
2021-09-10,167.80999755859375,168.0800018310547,167.14999389648438,167.17999267578125,7426300,167.49999491373697,168.8066660563151,167.60994348097174,No Position
2021-09-13,167.4499969482422,168.22000122070312,167.39999389648438,167.74000549316406,5474300,167.6499989827474,168.62777709960938,167.78768430869488,Buy
2021-09-14,168.22000122070312,169.16000366210938,167.47999572753906,168.82000732421875,7922900,167.91333516438803,168.53111097547742,168.08164077073283,Buy
2021-09-15,168.1300048828125,168.36000061035156,167.4499969482422,167.8300018310547,5624900,168.1300048828125,168.32333374023438,168.3341661918294,Buy
2021-09-16,164.3800048828125,164.44000244140625,163.22999572753906,164.02999877929688,11780400,166.8933359781901,167.7433336046007,167.0396606649884,No Position
2021-09-17,163.86000061035156,164.32000732421875,163.39999389648438,163.77000427246094,8369700,165.21000162760416,166.93333435058594,165.2793053444907,No Position
2021-09-20,164.2899932861328,165.27999877929688,164.07000732421875,164.94000244140625,7566600,164.24666849772134,166.62555609809027,164.25894490530203,No Position
2021-09-21,165.80999755859375,166.6300048828125,165.49000549316406,166.0399932861328,7181500,164.91666666666666,166.48666720920139,164.99794893535392,Buy
2021-09-22,165.88999938964844,167.14999389648438,165.02999877929688,165.4199981689453,9777800,165.46666463216147,166.19666714138455,165.61922461015962,Buy
2021-09-23,164.10000610351562,164.1999969482422,163.27000427246094,163.50999450683594,8451900,164.98999532063803,165.78888956705728,165.13557793045837,No Position
2021-09-24,163.0,164.0,162.74000549316406,163.3000030517578,6937500,164.07666524251303,165.2955559624566,164.1849354581923,No Position
2021-09-27,163.85000610351562,164.36000061035156,163.50999450683594,163.63999938964844,4943000,163.48333231608072,164.7199995252821,163.58856887143202,No Position
2021-09-28,162.72999572753906,162.82000732421875,161.72999572753906,162.0500030517578,9282800,162.99666849772134,164.07777743869357,163.11356175444328,No Position
2021-09-29,162.35000610351562,162.74000549316406,160.97000122070312,161.32000732421875,8360700,162.336669921875,163.77666727701822,162.42199542680868,No Position
2021-09-30,162.66000366210938,164.9499969482422,162.33999633789062,164.22000122070312,10572900,162.5300038655599,163.82666693793402,162.6277528007816,Buy
2021-10-01,164.27000427246094,164.9600067138672,163.88999938964844,164.58999633789062,6654700,163.37666829427084,163.78777737087674,163.55026024174057,Buy
2021-10-04,163.69000244140625,165.5399932861328,163.47000122070312,165.36000061035156,7651700,164.72333272298178,163.71222262912326,165.01869587226025,Buy
2021-10-05,163.94000244140625,164.85000610351562,163.49000549316406,164.58999633789062,5617300,164.84666442871094,163.62000020345053,165.1602716553934,Buy
2021-10-06,164.22999572753906,165.05999755859375,164.14999389648438,165.02999877929688,6067200,164.9933319091797,163.78888956705728,165.30547623064393,Buy
2021-10-07,164.02000427246094,164.85000610351562,163.9600067138672,164.16000366210938,4791500,164.59333292643228,163.8844451904297,164.86322910986746,No Position
2021-10-08,166.32000732421875,166.4199981689453,164.13999938964844,164.22999572753906,8536100,164.47333272298178,163.9500003390842,164.72748759646393,No Position
2021-10-11,164.0399932861328,164.5800018310547,163.91000366210938,163.9199981689453,3820100,164.10333251953125,164.15777757432727,164.30848208995826,No Position
2021-10-12,164.57000732421875,165.44000244140625,164.30999755859375,164.66000366210938,5453000,164.2699991861979,164.52888827853732,164.45858874478157,Buy
2021-10-13,165.27999877929688,167.9199981689453,165.27999877929688,167.58999633789062,11113800,165.38999938964844,164.90333218044705,165.64350956897107,Buy
2021-10-14,168.19000244140625,168.22000122070312,167.7100067138672,168.0,5081400,166.75,165.28222147623697,167.08864362030954,Buy
2021-10-15,165.38999938964844,166.08999633789062,165.10000610351562,165.3300018310547,8699200,166.97333272298178,165.27888827853732,167.33140644021915,Buy
2021-10-18,165.4199981689453,165.58999633789062,164.80999755859375,164.9199981689453,4029600,166.08333333333334,165.3155551486545,166.36203242839025,No Position
2021-10-19,166.5,166.5,165.1999969482422,165.4499969482422,6588500,165.23333231608072,165.36222161187067,165.43525569962887,No Position
2021-10-20,166.2100067138672,167.11000061035156,165.92999267578125,166.89999389648438,5022000,165.75666300455728,165.66666497124567,165.97815640682597,Buy
2021-10-21,166.6999969482422,166.94000244140625,166.24000549316406,166.75,4412400,166.36666361490884,165.94666544596353,166.61719196319942,Buy
2021-10-22,168.6699981689453,169.5399932861328,166.6699981689453,167.77000427246094,10703900,167.13999938964844,166.37444390190973,167.4212843504528,Buy
2021-10-25,168.66000366210938,169.2100067138672,168.52999877929688,168.92999267578125,4881300,167.81666564941406,166.84888712565103,168.11653725366085,Buy
2021-10-26,167.8800048828125,167.91000366210938,166.6300048828125,167.67999267578125,6658900,168.1266632080078,166.85888671875,168.4522888143724,Buy
2021-10-27,167.72999572753906,168.1999969482422,166.86000061035156,168.1199951171875,5823100,168.24332682291666,166.87221950954861,168.57784902547695,Buy
2021-10-28,168.97999572753906,169.25,167.52999877929688,168.0800018310547,7000700,167.95999654134116,167.17777506510416,168.24481716811323,No Position
2021-10-29,166.2899932861328,166.72999572753906,165.63999938964844,166.64999389648438,7531900,167.61666361490884,167.36999681260852,167.8560591692407,No Position
2021-11-01,167.3800048828125,167.83999633789062,166.91000366210938,167.52000427246094,4975600,167.41666666666666,167.59999762641058,167.6197887536487,No Position
2021-11-02,167.42999267578125,167.6300048828125,166.9600067138672,167.16000366210938,3760700,167.11000061035156,167.62888760036893,167.28442121198032,No Position
2021-11-03,165.33999633789062,165.9499969482422,164.3800048828125,165.77000427246094,9055200,166.8166707356771,167.5199991861979,166.97498815072979,No Position
2021-11-04,167.50999450683594,168.13999938964844,167.3699951171875,167.64999389648438,6656100,166.86000061035156,167.5066646999783,167.0231425888594,Buy
2021-11-05,168.4199981689453,169.94000244140625,167.85000610351562,169.83999633789062,9368900,167.75333150227866,167.60777621799045,167.98467922236978,Buy
2021-11-08,170.42999267578125,170.6999969482422,170.05999755859375,170.4499969482422,4966100,169.3133290608724,167.91555447048611,169.65287394601586,Buy
2021-11-09,170.72999572753906,171.30999755859375,170.1199951171875,171.2899932861328,5781200,170.52666219075522,168.2677764892578,170.9409793931106,Buy
2021-11-10,173.6699981689453,174.64999389648438,172.11000061035156,173.14999389648438,11461800,171.62999471028647,168.83110894097223,172.0920993399086,Buy
2021-11-11,173.97999572753906,174.27000427246094,173.74000549316406,174.1199951171875,5959600,172.85332743326822,169.6611090766059,173.3513405302999,Buy
2021-11-12,173.50999450683594,174.6699981689453,173.39999389648438,174.4499969482422,7894800,173.9066619873047,170.43110826280383,174.43099287910547,Buy
2021-11-15,174.10000610351562,174.58999633789062,173.69000244140625,174.17999267578125,5630800,174.24999491373697,171.2111070421007,174.73892261865186,Buy
2021-11-16,173.97000122070312,174.47999572753906,172.86000061035156,172.9199981689453,8667300,173.8499959309896,172.00555080837674,174.23857148700827,No Position
2021-11-17,174.24000549316406,174.61000061035156,173.88999938964844,174.5,6523100,173.86666361490884,172.76666259765625,174.19339144222147,No Position
2021-11-18,173.9600067138672,174.36000061035156,173.52999877929688,173.94000244140625,6252000,173.7866668701172,173.22221883138022,174.0686602527116,No Position
2021-11-19,173.69000244140625,174.10000610351562,172.24000549316406,172.61000061035156,8785600,173.68333435058594,173.46221923828125,173.9365128493566,No Position
2021-11-22,169.89999389648438,170.44000244140625,168.4199981689453,168.74000549316406,13091900,171.76333618164062,173.17888726128473,171.8754115055473,No Position
2021-11-23,167.27999877929688,167.60000610351562,166.52999877929688,167.27999877929688,8047800,169.5433349609375,172.52666558159723,169.51924756343786,No Position
2021-11-24,166.5800018310547,167.44000244140625,166.32000732421875,167.1199951171875,5359500,167.7133331298828,171.74888780381946,167.5969677582986,No Position
2021-11-26,168.60000610351562,168.63999938964844,166.3699951171875,166.85000610351562,9605200,167.08333333333334,170.9044443766276,166.98314442417046,No Position
2021-11-29,166.83999633789062,167.25999450683594,166.3800048828125,166.6199951171875,7394900,166.86333211263022,170.06444464789496,166.8141116456532,No Position
2021-11-30,167.77000427246094,169.00999450683594,165.3699951171875,165.5,12925300,166.32333374023438,169.24000040690103,166.29634555688793,No Position
2021-12-01,166.83999633789062,167.47000122070312,166.05999755859375,166.16000366210938,7808600,166.09333292643228,168.3133341471354,166.12366088486607,No Position
2021-12-02,165.88999938964844,165.94000244140625,164.6300048828125,165.24000549316406,9604100,165.63333638509116,167.34666781955295,165.7045816016945,No Position
2021-12-03,165.49000549316406,166.92999267578125,165.0,166.6300048828125,9507900,166.01000467936197,166.68222384982639,166.16879331347286,Buy
2021-12-06,166.13999938964844,166.8000030517578,165.92999267578125,166.22000122070312,4813600,166.0300038655599,166.40222337510852,166.2137862457555,Buy
2021-12-07,166.1999969482422,167.0800018310547,166.17999267578125,166.80999755859375,4900700,166.55333455403647,166.3500010172526,166.78633935000693,Buy
2021-12-08,166.50999450683594,166.9600067138672,166.27999877929688,166.89999389648438,4288900,166.6433308919271,166.32555643717447,166.8860860291124,Buy
2021-12-09,166.5399932861328,166.5800018310547,165.64999389648438,165.8800048828125,4913800,166.52999877929688,166.21777852376303,166.77199498756644,No Position
2021-12-10,166.72000122070312,166.9199981689453,166.17999267578125,166.5800018310547,6450600,166.45333353678384,166.21333482530383,166.68912438410075,No Position
2021-12-13,166.89999389648438,167.25999450683594,166.6699981689453,167.0,6610700,166.4866689046224,166.3800014919705,166.7114622911086,Buy
2021-12-14,165.33999633789062,166.13999938964844,165.16000366210938,165.44000244140625,8637900,166.34000142415366,166.3000013563368,166.5588676624989,No Position
2021-12-15,165.27000427246094,166.39999389648438,163.8000030517578,166.14999389648438,14231200,166.19666544596353,166.40111117892795,166.39483316489276,No Position
2021-12-16,167.00999450683594,168.17999267578125,166.94000244140625,168.16000366210938,11186200,166.58333333333334,166.57111104329428,166.80052822291336,Buy
2021-12-17,168.72999572753906,169.1300048828125,167.77999877929688,167.8000030517578,9856900,167.37000020345053,166.74666680230035,167.64006421425245,Buy
2021-12-20,167.8800048828125,168.0,167.05999755859375,167.08999633789062,6973000,167.68333435058594,166.77777777777777,167.9776833553299,Buy
2021-12-21,167.69000244140625,167.77999877929688,166.74000549316406,167.02000427246094,4548500,167.30333455403647,166.7911122639974,167.5639862311591,No Position
2021-12-22,167.5800018310547,168.63999938964844,167.11000061035156,168.58999633789062,4672900,167.56666564941406,167.09222242567273,167.82486693214724,Buy
2021-12-23,168.69000244140625,169.16000366210938,168.00999450683594,168.97000122070312,4551100,168.1933339436849,167.35777791341147,168.48320051481502,Buy
2021-12-27,168.9600067138672,169.4199981689453,168.77999877929688,169.3699951171875,4760300,168.9766642252604,167.62111070421008,169.31181618442383,Buy
2021-12-28,169.3300018310547,169.64999389648438,168.6199951171875,168.63999938964844,4541900,168.9933319091797,167.97666592068143,169.30035321404017,No Position
2021-12-29,167.36000061035156,168.69000244140625,167.27999877929688,168.58999633789062,5889700,168.86666361490884,168.2477773030599,169.14028226572142,No Position
2021-12-30,168.42999267578125,169.80999755859375,168.3699951171875,169.8000030517578,5426300,169.00999959309897,168.42999945746527,169.28076117086607,Buy
2021-12-31,170.52999877929688,171.0399932861328,170.0399932861328,170.9600067138672,7039300,169.78333536783853,168.78111097547742,170.09122747737973,Buy
2022-01-03,168.86000061035156,169.00999450683594,168.0,168.3300018310547,9014400,169.69667053222656,168.91888936360678,169.98567568815332,No Position
2022-01-04,168.89999389648438,169.72000122070312,168.72999572753906,169.57000732421875,6965600,169.62000528971353,169.2022230360243,169.8788799120337,No Position
2022-01-05,170.6199951171875,170.92999267578125,168.89999389648438,169.05999755859375,8715600,168.9866689046224,169.25444539388022,169.18688703841894,No Position
2022-01-06,167.16000366210938,167.75,166.86000061035156,166.99000549316406,10902700,168.54000345865884,169.03444586859808,168.72020590075965,No Position
2022-01-07,167.3699951171875,168.00999450683594,166.86000061035156,167.75,8191900,167.93333435058594,168.8544464111328,168.07647369293537,No Position
2022-01-10,167.36000061035156,168.3000030517578,167.30999755859375,168.25999450683594,7026500,167.66666666666666,168.81222364637586,167.79044693378725,No Position
2022-01-11,168.44000244140625,170.30999755859375,168.3699951171875,170.2899932861328,8369000,168.76666259765625,169.00111219618054,168.96907458260614,Buy
2022-01-12,170.19000244140625,170.75,170.00999450683594,170.74000549316406,6280700,169.7633310953776,169.10555691189236,170.04253392548057,Buy
2022-01-13,170.08999633789062,170.22000122070312,169.27000427246094,170.16000366210938,7034200,170.39666748046875,169.01666768391928,170.73757520139176,Buy
2022-01-14,170.22000122070312,170.55999755859375,169.47999572753906,169.6699981689453,7865900,170.19000244140625,169.1655561659071,170.50080833992075,No Position
2022-01-18,169.63999938964844,170.00999450683594,169.08999633789062,169.38999938964844,9322800,169.74000040690103,169.1455552842882,170.01387702449932,No Position
2022-01-19,170.38999938964844,172.19000244140625,170.1999969482422,172.0800018310547,15784500,170.37999979654947,169.48111131456164,170.68086528544512,Buy
2022-01-20,172.30999755859375,172.60000610351562,171.58999633789062,171.64999389648438,9570500,171.03999837239584,169.99888780381946,171.35441845492247,Buy
2022-01-21,172.0399932861328,172.1199951171875,170.74000549316406,171.08999633789062,10982500,171.6066640218099,170.3699985080295,171.93882794782797,Buy
2022-01-24,171.77999877929688,172.13999938964844,170.85000610351562,172.02999877929688,15727700,171.58999633789062,170.7888878716363,171.88590531265547,No Position
2022-01-25,171.9499969482422,173.14999389648438,171.77999877929688,172.5800018310547,17382100,171.8999989827474,171.04333326551648,172.20133971385124,Buy
2022-01-26,171.38999938964844,171.72999572753906,169.47999572753906,169.7899932861328,17799400,171.46666463216147,170.93777635362414,171.73961843922075,No Position
2022-01-27,168.02000427246094,169.08999633789062,167.3300018310547,167.60000610351562,15867300,169.99000040690103,170.65333218044705,170.15996375998466,No Position
2022-01-28,166.55999755859375,167.4600067138672,166.3699951171875,167.10000610351562,9782500,168.16333516438803,170.3677775065104,168.20038435107548,No Position
2022-01-31,167.7899932861328,168.13999938964844,167.4600067138672,168.08999633789062,8539300,167.59666951497397,170.22333272298178,167.59713035601,No Position
2022-02-01,168.57000732421875,168.85000610351562,167.8699951171875,168.22999572753906,9763900,167.8066660563151,169.79555426703558,167.860700723093,Buy
2022-02-02,168.33999633789062,169.1199951171875,168.16000366210938,168.83999633789062,9085300,168.38666280110678,169.48333231608072,168.51639534630272,Buy
2022-02-03,168.30999755859375,168.82000732421875,167.02999877929688,168.60000610351562,10650800,168.5566660563151,169.20666673448352,168.72397941939775,Buy
2022-02-04,168.0399932861328,169.10000610351562,167.99000549316406,168.86000061035156,9619600,168.76666768391928,168.8544447157118,168.98127371425198,Buy
2022-02-07,169.4499969482422,170.3000030517578,169.19000244140625,170.11000061035156,7796900,169.19000244140625,168.58000013563367,169.46373031374907,Buy
2022-02-08,170.10000610351562,170.77999877929688,169.9499969482422,170.6300048828125,5802000,169.86666870117188,168.67333475748697,170.1906677412555,Buy
2022-02-09,170.67999267578125,171.4199981689453,170.5500030517578,171.2100067138672,8002800,170.6500040690104,169.07444593641492,171.00783434357018,Buy
2022-02-10,170.52000427246094,171.99000549316406,170.4600067138672,170.55999755859375,10693500,170.8000030517578,169.45888943142361,171.13873543762406,Buy
2022-02-11,170.75,174.1999969482422,170.7100067138672,173.80999755859375,25741500,171.86000061035156,170.09444512261285,172.23679954343444,Buy
2022-02-14,173.77999877929688,175.0,173.67999267578125,174.74000549316406,13650700,173.0366668701172,170.81777954101562,173.45424011269193,Buy
2022-02-15,173.10000610351562,173.33999633789062,172.38999938964844,173.0800018310547,12603600,173.87666829427084,171.2888912624783,174.32711275425086,Buy
2022-02-16,173.49000549316406,174.86000061035156,173.47999572753906,174.86000061035156,12772100,174.22666931152344,171.98444620768228,174.64930291229572,Buy
2022-02-17,176.6999969482422,177.52999877929688,176.38999938964844,177.25,18612500,175.0633341471354,172.91666836208768,175.48021712077883,Buy
2022-02-18,177.07000732421875,177.25,176.50999450683594,177.1199951171875,12760700,176.40999857584634,173.695556640625,176.877616252768,Buy
2022-02-22,177.6699981689453,178.07000732421875,176.82000732421875,177.49000549316406,14960500,177.2866668701172,174.45777893066406,177.76609802263982,Buy
2022-02-23,177.38999938964844,178.38999938964844,177.36000061035156,178.2899932861328,11772200,177.63333129882812,175.24444410536023,178.07709074428692,Buy
2022-02-24,182.58999633789062,182.60000610351562,175.27000427246094,177.13999938964844,32726000,177.63999938964844,175.97555541992188,178.02354771569395,No Position
2022-02-25,176.4199981689453,176.7899932861328,175.7899932861328,176.5500030517578,11530900,177.32666524251303,176.2800004747179,177.6580311901387,No Position
2022-02-28,178.86000061035156,178.99000549316406,176.5,178.3800048828125,16055800,177.3566691080729,176.6844448513455,177.65698357402331,No Position
2022-03-01,179.0500030517578,181.75999450683594,179.02999877929688,181.6199951171875,21942100,178.8500010172526,177.63333299424914,179.19949495669167,Buy
2022-03-02,180.1300048828125,180.7100067138672,178.7899932861328,179.72999572753906,19727200,179.90999857584634,178.17444356282553,180.30541102062494,Buy
2022-03-03,179.9600067138672,181.3000030517578,179.5,180.8000030517578,15164400,180.71666463216147,178.56888834635416,181.14846337724558,Buy
2022-03-04,182.11000061035156,183.97999572753906,181.36000061035156,183.67999267578125,22390100,181.40333048502603,179.2977769639757,181.83341941124257,Buy
2022-03-07,184.4499969482422,186.63999938964844,184.22000122070312,186.41000366210938,27951800,183.62999979654947,180.2888878716363,184.16864879953846,Buy
2022-03-08,188.35000610351562,193.3000030517578,188.25999450683594,191.50999450683594,47347700,187.1999969482422,181.75777689615884,187.9226882172516,Buy
2022-03-09,186.0399932861328,187.22999572753906,184.75999450683594,185.82000732421875,26839700,187.91333516438803,182.72222222222223,188.61702037003093,Buy
2022-03-10,186.8800048828125,187.3800048828125,184.99000549316406,186.39999389648438,18455200,187.90999857584634,183.81666564941406,188.5224080358208,No Position
2022-03-11,183.74000549316406,185.77999877929688,183.44000244140625,185.08999633789062,14824700,185.7699991861979,184.56222025553384,186.13689884857754,No Position
2022-03-14,183.02999877929688,183.2899932861328,181.9499969482422,182.3000030517578,13186400,184.59666442871094,184.63777669270834,184.85665747604847,No Position
2022-03-15,179.10000610351562,180.27000427246094,178.00999450683594,178.88999938964844,16962300,182.09333292643228,184.54444376627603,182.14640011612153,No Position
2022-03-16,179.1300048828125,180.1199951171875,176.8699951171875,180.00999450683594,17548100,180.3999989827474,184.4566650390625,180.31514382531637,No Position
2022-03-17,181.16000366210938,182.02999877929688,180.64999389648438,180.88999938964844,10954100,179.92999776204428,184.14666578504773,179.83060801815648,No Position
2022-03-18,179.92999267578125,180.92999267578125,179.0399932861328,179.3000030517578,13996500,180.06666564941406,183.3566657172309,180.044675378249,Buy
2022-03-21,179.3300018310547,181.2899932861328,179.32000732421875,180.6699981689453,10582200,180.2866668701172,182.1522216796875,180.3836786792586,Buy
2022-03-22,179.60000610351562,179.7100067138672,178.32000732421875,179.36000061035156,9621800,179.77666727701822,181.43444315592447,179.8896161095278,No Position
2022-03-23,180.2899932861328,181.88999938964844,179.75999450683594,181.80999755859375,12557300,180.61333211263022,180.92444356282553,180.84043343690163,Buy
2022-03-24,182.35000610351562,183.50999450683594,181.77000427246094,183.1300048828125,10970100,181.43333435058594,180.70666673448352,181.74886443179003,Buy
2022-03-25,181.80999755859375,183.1300048828125,181.35000610351562,182.3800048828125,7911100,182.44000244140625,180.7155558268229,182.8411252141262,Buy
2022-03-28,180.3800048828125,181.3300018310547,178.85000610351562,179.05999755859375,9489700,181.5233357747396,180.7344445122613,181.84427498229297,No Position
2022-03-29,177.02000427246094,179.3300018310547,176.69000244140625,179.13999938964844,10458900,180.1933339436849,180.63777838812933,180.40824899241338,No Position
2022-03-30,179.75999450683594,180.9199981689453,179.67999267578125,180.5800018310547,8361300,179.59333292643228,180.60333421495227,179.75965558626012,No Position
2022-03-31,180.91000366210938,181.9600067138672,180.55999755859375,180.64999389648438,9844400,180.12333170572916,180.75333319769965,180.32263640188097,Buy
2022-04-01,179.5500030517578,180.4600067138672,178.97999572753906,179.5,13032200,180.2433319091797,180.62333340115018,180.46373570044605,Buy
2022-04-04,180.24000549316406,180.80999755859375,179.5800018310547,180.3699951171875,7063100,180.17332967122397,180.73555501302084,180.37840022458124,No Position
2022-04-05,180.91000366210938,181.49000549316406,178.92999267578125,179.24000549316406,10828500,179.70333353678384,180.4500003390842,179.89183767168393,No Position
2022-04-06,179.77999877929688,180.30999755859375,178.6999969482422,179.66000366210938,8942100,179.7566680908203,180.06444464789496,179.98180043486195,Buy
2022-04-07,179.8699951171875,180.8800048828125,179.8000030517578,180.33999633789062,10140600,179.74666849772134,179.83777703179254,179.98978792120786,Buy
2022-04-08,180.52000427246094,181.82000732421875,180.52000427246094,181.47000122070312,10655100,180.49000040690103,180.10555521647134,180.77460538355413,Buy
2022-04-11,183.1699981689453,183.3300018310547,181.11000061035156,182.3699951171875,10071300,181.3933308919271,180.46444363064236,181.72556817413948,Buy
2022-04-12,184.0399932861328,184.63999938964844,182.9600067138672,183.77000427246094,12024600,182.5366668701172,180.81888834635416,182.93748873376524,Buy
2022-04-13,184.5,184.94000244140625,184.1300048828125,184.64999389648438,8651600,183.59666442871094,181.26333279079861,184.05144140496404,Buy
2022-04-14,184.27999877929688,184.41000366210938,182.8800048828125,184.0399932861328,11566900,184.15333048502603,181.7677764892578,184.61390873154005,Buy
2022-04-18,185.9499969482422,186.10000610351562,184.38999938964844,184.61000061035156,8886700,184.4333292643229,182.2388882107205,184.87875298181567,Buy
2022-04-19,183.19000244140625,183.64999389648438,181.3300018310547,181.82000732421875,12585600,183.49000040690103,182.52555508083768,183.83069152892708,No Position
2022-04-20,181.58999633789062,182.72000122070312,181.35000610351562,182.7100067138672,7038600,183.04667154947916,182.86444430881076,183.32116835319357,No Position
2022-04-21,181.77000427246094,182.32000732421875,180.77999877929688,182.05999755859375,9639800,182.19667053222656,183.05555555555554,182.38238280534281,No Position
2022-04-22,180.72000122070312,181.61000061035156,179.74000549316406,180.2899932861328,9143900,181.6866658528646,182.92444356282553,181.83954055831651,No Position
2022-04-25,177.1699981689453,177.50999450683594,176.47999572753906,177.0500030517578,13073700,179.79999796549478,182.33333333333334,179.84021589785826,No Position
2022-04-26,177.9499969482422,178.3000030517578,176.9149932861328,177.32000732421875,8850268,178.22000122070312,181.61666700575086,178.18430090879414,No Position
